{"average_price_per_mile": 16.97908972361951, "payment_type_distribution": {"1": 0.7908633911595877, "2": 0.1628007677822555, "0": 0.028717603500504882, "4": 0.012939496211121927, "3": 0.00467874134652997}, "custom_indicator": 3.054638682933653}